{
  "main": {
    "id": "1ee75e13e83da5aa",
    "type": "split",
    "children": [
      {
        "id": "839a70642d87a5a5",
        "type": "tabs",
        "children": [
          {
            "id": "cfe94f44329d6a23",
            "type": "leaf",
            "state": {
              "type": "markdown",
              "state": {
                "file": "HTB/README.md",
                "mode": "source",
                "source": false
              },
              "icon": "lucide-file",
              "title": "README"
            }
          }
        ]
      }
    ],
    "direction": "vertical"
  },
  "left": {
    "id": "14edded694046b29",
    "type": "split",
    "children": [
      {
        "id": "c1af20a7620c4c04",
        "type": "tabs",
        "children": [
          {
            "id": "276acbb1da41fabb",
            "type": "leaf",
            "state": {
              "type": "file-explorer",
              "state": {
                "sortOrder": "alphabetical",
                "autoReveal": false
              },
              "icon": "lucide-folder-closed",
              "title": "Files"
            }
          },
          {
            "id": "55a07413579662b5",
            "type": "leaf",
            "state": {
              "type": "search",
              "state": {
                "query": "",
                "matchingCase": false,
                "explainSearch": false,
                "collapseAll": false,
                "extraContext": false,
                "sortOrder": "alphabetical"
              },
              "icon": "lucide-search",
              "title": "Search"
            }
          },
          {
            "id": "99aac96b0c9ef97e",
            "type": "leaf",
            "state": {
              "type": "bookmarks",
              "state": {},
              "icon": "lucide-bookmark",
              "title": "Bookmarks"
            }
          }
        ]
      }
    ],
    "direction": "horizontal",
    "width": 300
  },
  "right": {
    "id": "5c8b3dd824644950",
    "type": "split",
    "children": [
      {
        "id": "89c83445c709e8b2",
        "type": "tabs",
        "children": [
          {
            "id": "c45336d121d5dbcd",
            "type": "leaf",
            "state": {
              "type": "backlink",
              "state": {
                "file": "Github Token.md",
                "collapseAll": false,
                "extraContext": false,
                "sortOrder": "alphabetical",
                "showSearch": false,
                "searchQuery": "",
                "backlinkCollapsed": false,
                "unlinkedCollapsed": true
              },
              "icon": "links-coming-in",
              "title": "Backlinks for Github Token"
            }
          },
          {
            "id": "8fa2c137c6a06994",
            "type": "leaf",
            "state": {
              "type": "outgoing-link",
              "state": {
                "file": "Github Token.md",
                "linksCollapsed": false,
                "unlinkedCollapsed": true
              },
              "icon": "links-going-out",
              "title": "Outgoing links from Github Token"
            }
          },
          {
            "id": "832922221104e0b6",
            "type": "leaf",
            "state": {
              "type": "tag",
              "state": {
                "sortOrder": "frequency",
                "useHierarchy": true,
                "showSearch": false,
                "searchQuery": ""
              },
              "icon": "lucide-tags",
              "title": "Tags"
            }
          },
          {
            "id": "9436e8e24b7e0882",
            "type": "leaf",
            "state": {
              "type": "outline",
              "state": {
                "followCursor": false,
                "showSearch": false,
                "searchQuery": ""
              },
              "icon": "lucide-list",
              "title": "Outline"
            }
          },
          {
            "id": "2160449f5b6becbf",
            "type": "leaf",
            "state": {
              "type": "git-view",
              "state": {},
              "icon": "git-pull-request",
              "title": "Source Control"
            }
          }
        ],
        "currentTab": 4
      }
    ],
    "direction": "horizontal",
    "width": 302.5
  },
  "left-ribbon": {
    "hiddenItems": {
      "bases:Create new base": false,
      "switcher:Open quick switcher": false,
      "graph:Open graph view": false,
      "canvas:Create new canvas": false,
      "daily-notes:Open today's daily note": false,
      "templates:Insert template": false,
      "command-palette:Open command palette": false,
      "obsidian-git:Open Git source control": false
    }
  },
  "active": "cfe94f44329d6a23",
  "lastOpenFiles": [
    "HTB/README.md",
    "README.md",
    "HTB/HTB/Easy/DevVortex.md",
    "Devvortex.md",
    "HTB/HTB/Easy/Jerry.md",
    "HTB/HTB/Very Easy/Markup.md",
    "conflict-files-obsidian-git.md",
    "HTB/HTB/Easy/Sau.md",
    "HTB/Devvortex",
    "HTB/HTB/Very Easy/Markup (HTB).md",
    "Github Token.md",
    "Pasted image 20260218173325.png",
    "HTB/HTB/Easy/Sau (HTB).md",
    "Images/Pasted image 20260218111246.png",
    "Images/Pasted image 20260218162510.png",
    "Pasted image 20260218162553.png",
    "Images/Pasted image 20260218162359.png",
    "Images/Pasted image 20260218161111.png",
    "Images/Pasted image 20260218160920.png",
    "Images/Pasted image 20260218152303.png",
    "Images/Pasted image 20260218151950.png",
    "Images/Pasted image 20260218151925.png",
    "HTB/HTB/Easy/Jerry (HTB).md",
    "HTB/HTB/Very Easy",
    "HTB/HTB/Easy",
    "Images",
    "HTB/HTB/Placeholder",
    "HTB/HTB",
    "HTB/HTB Writeups.md",
    "2025-05-09.md",
    "HTB",
    "Writeup",
    "Welcome.md",
    "Writeups/A cool edit.md",
    "HackTheBox"
  ]
}