{
  "items": [
    {
      "type": "file",
      "ctime": 1750954681794,
      "path": "Templater/IP.md"
    },
    {
      "type": "file",
      "ctime": 1750983605223,
      "path": "Pentesting Procedure/0 Pentesting Procedure.md"
    },
    {
      "type": "file",
      "ctime": 1750983618310,
      "path": "Top/Active Notes.md"
    },
    {
      "type": "file",
      "ctime": 1751033999455,
      "path": "Links.md"
    },
    {
      "type": "file",
      "ctime": 1755156320687,
      "path": "Top/Find Files.md",
      "title": "Find"
    },
    {
      "type": "file",
      "ctime": 1756083699287,
      "path": "Small Toolkit/Ports/0 Port Number Table.md"
    },
    {
      "type": "file",
      "ctime": 1758155160636,
      "path": "Guides/venv.md"
    }
  ]
}