{
  "main": {
    "id": "4b1d5c16f925c1f2",
    "type": "split",
    "children": [
      {
        "id": "450653c4a9a26513",
        "type": "tabs",
        "dimension": 50.13927576601671,
        "children": [
          {
            "id": "602dd6215fb2c1c8",
            "type": "leaf",
            "state": {
              "type": "markdown",
              "state": {
                "file": "Small Toolkit/View Current Processes (CMD).md",
                "mode": "source",
                "source": false
              },
              "icon": "lucide-file",
              "title": "View Current Processes (CMD)"
            }
          },
          {
            "id": "8874fb02cf03bb7e",
            "type": "leaf",
            "state": {
              "type": "markdown",
              "state": {
                "file": "Small Toolkit/PHP Upload Resources.md",
                "mode": "source",
                "source": false
              },
              "icon": "lucide-file",
              "title": "PHP Upload Resources"
            }
          },
          {
            "id": "8557f3b5c66cb81b",
            "type": "leaf",
            "state": {
              "type": "markdown",
              "state": {
                "file": "Cracking/Password Cracker/Wordlists.md",
                "mode": "source",
                "source": false
              },
              "icon": "lucide-file",
              "title": "Wordlists"
            }
          },
          {
            "id": "cb1242625688674d",
            "type": "leaf",
            "state": {
              "type": "release-notes",
              "state": {
                "currentVersion": "1.11.7"
              },
              "icon": "lucide-book-up",
              "title": "Release Notes 1.11.7"
            }
          },
          {
            "id": "84d93f59ef3e6969",
            "type": "leaf",
            "state": {
              "type": "markdown",
              "state": {
                "file": "Small Toolkit/Upgrade Shell.md",
                "mode": "source",
                "source": false
              },
              "icon": "lucide-file",
              "title": "Upgrade Shell"
            }
          },
          {
            "id": "6321b499c8c95a63",
            "type": "leaf",
            "state": {
              "type": "markdown",
              "state": {
                "file": "Ports/0 Port Number Table.md",
                "mode": "source",
                "source": false
              },
              "icon": "lucide-file",
              "title": "0 Port Number Table"
            }
          },
          {
            "id": "19ee003340a0c4d2",
            "type": "leaf",
            "state": {
              "type": "markdown",
              "state": {
                "file": "Cracking/Password Cracker/Wordlists.md",
                "mode": "source",
                "source": false
              },
              "icon": "lucide-file",
              "title": "Wordlists"
            }
          }
        ]
      },
      {
        "id": "50ce54d0dfcaffe6",
        "type": "tabs",
        "dimension": 49.86072423398329,
        "children": [
          {
            "id": "629bbdfe53697823",
            "type": "leaf",
            "state": {
              "type": "markdown",
              "state": {
                "file": "Templater/IP.md",
                "mode": "source",
                "source": false
              },
              "icon": "lucide-file",
              "title": "IP"
            }
          },
          {
            "id": "9aeedd520dd72d9a",
            "type": "leaf",
            "state": {
              "type": "markdown",
              "state": {
                "file": "Top/Active Notes.md",
                "mode": "source",
                "source": false
              },
              "icon": "lucide-file",
              "title": "Active Notes"
            }
          },
          {
            "id": "7b6588360dfbb9ac",
            "type": "leaf",
            "state": {
              "type": "markdown",
              "state": {
                "file": "Pentesting Procedure/0 Pentesting Procedure.md",
                "mode": "source",
                "source": false
              },
              "icon": "lucide-file",
              "title": "0 Pentesting Procedure"
            }
          },
          {
            "id": "67829a3d5b1565b3",
            "type": "leaf",
            "state": {
              "type": "markdown",
              "state": {
                "file": "Pentesting Procedure/1 Network Enumeration.md",
                "mode": "source",
                "source": false
              },
              "icon": "lucide-file",
              "title": "1 Network Enumeration"
            }
          }
        ],
        "currentTab": 1
      }
    ],
    "direction": "vertical"
  },
  "left": {
    "id": "5b37895b107cf9fe",
    "type": "split",
    "children": [
      {
        "id": "a3916fe12f9087ba",
        "type": "tabs",
        "children": [
          {
            "id": "c45474d73eb0554e",
            "type": "leaf",
            "state": {
              "type": "file-explorer",
              "state": {
                "sortOrder": "alphabetical",
                "autoReveal": false
              },
              "icon": "lucide-folder-closed",
              "title": "Files"
            }
          },
          {
            "id": "c2b6e8dffb0cac0d",
            "type": "leaf",
            "state": {
              "type": "search",
              "state": {
                "query": "hashcat",
                "matchingCase": false,
                "explainSearch": false,
                "collapseAll": false,
                "extraContext": false,
                "sortOrder": "alphabetical"
              },
              "icon": "lucide-search",
              "title": "Search"
            }
          },
          {
            "id": "e5740159ca70296e",
            "type": "leaf",
            "state": {
              "type": "bookmarks",
              "state": {},
              "icon": "lucide-bookmark",
              "title": "Bookmarks"
            }
          }
        ]
      }
    ],
    "direction": "horizontal",
    "width": 308.5
  },
  "right": {
    "id": "a907edf541d36258",
    "type": "split",
    "children": [
      {
        "id": "751412af5a0d0b0d",
        "type": "tabs",
        "children": [
          {
            "id": "4b36d20f92edb5a2",
            "type": "leaf",
            "state": {
              "type": "backlink",
              "state": {
                "file": "Pentesting Procedure/1 Network Enumeration.md",
                "collapseAll": false,
                "extraContext": false,
                "sortOrder": "alphabetical",
                "showSearch": false,
                "searchQuery": "",
                "backlinkCollapsed": false,
                "unlinkedCollapsed": true
              },
              "icon": "links-coming-in",
              "title": "Backlinks for 1 Network Enumeration"
            }
          },
          {
            "id": "33c2577207379bbe",
            "type": "leaf",
            "state": {
              "type": "outgoing-link",
              "state": {
                "file": "Guides/Server CLIs/IMAP.md",
                "linksCollapsed": false,
                "unlinkedCollapsed": true
              },
              "icon": "links-going-out",
              "title": "Outgoing links from IMAP"
            }
          },
          {
            "id": "8bdcd17fd4dc65a0",
            "type": "leaf",
            "state": {
              "type": "tag",
              "state": {
                "sortOrder": "frequency",
                "useHierarchy": true,
                "showSearch": false,
                "searchQuery": ""
              },
              "icon": "lucide-tags",
              "title": "Tags"
            }
          },
          {
            "id": "95afe6d457486ebc",
            "type": "leaf",
            "state": {
              "type": "outline",
              "state": {
                "file": "Guides/Server CLIs/IMAP.md",
                "followCursor": false,
                "showSearch": false,
                "searchQuery": ""
              },
              "icon": "lucide-list",
              "title": "Outline of IMAP"
            }
          }
        ]
      }
    ],
    "direction": "horizontal",
    "width": 300,
    "collapsed": true
  },
  "left-ribbon": {
    "hiddenItems": {
      "bases:Create new base": false,
      "switcher:Open quick switcher": false,
      "graph:Open graph view": false,
      "canvas:Create new canvas": false,
      "daily-notes:Open today's daily note": false,
      "templates:Insert template": false,
      "command-palette:Open command palette": false,
      "templater-obsidian:Templater": false
    }
  },
  "active": "602dd6215fb2c1c8",
  "lastOpenFiles": [
    "Top/Active Notes.md",
    "Small Toolkit/View Current Processes (CMD).md",
    "Small Toolkit/Tools/Hashcat.md",
    "Pasted image 20260218234256.png",
    "Cracking/Password Cracker/Hydra.md",
    "Cracking/Password Cracker/Hashcat.md",
    "Small Toolkit/MySQL.md",
    "Templater/IP.md",
    "Small Toolkit/Upgrade Shell.md",
    "MySQL/MySQL basic usage/Navigation.md",
    "MySQL/MySQL basic usage/SQL operators.md",
    "MySQL/MySQL basic usage/SQL Injection Fundamentals.md",
    "MySQL/MySQL basic usage/Query Results.md",
    "Guides/Server CLIs/SMBclient.md",
    "Guides/Lateral Movement.md",
    "Guides/Server CLIs/PSQL.md",
    "Small Toolkit/Lateral Movement.md",
    "Small Toolkit/Reverse Shell Resources.md",
    "Small Toolkit/System Architecture.md",
    "Small Toolkit/Niche Interactions/Joomla.md",
    "Small Toolkit/Gobuster Directory Enumeration Dir Enum.md",
    "Small Toolkit/Niche Interactions",
    "Pentesting Procedure/1 Network Enumeration.md",
    "Small Toolkit/Tools/LinWinPEAS.md",
    "Small Toolkit/Tools/Netcat.exe.md",
    "Small Toolkit/Useful Guides.md",
    "Small Toolkit/PHP Upload Resources.md",
    "Small Toolkit/XXE.md",
    "Pasted image 20260218113343.png",
    "Small Toolkit/Tools",
    "Untitled",
    "Small Toolkit",
    "Linux Privilege Escalation",
    "HackTheBox Grind",
    "Web Attacks",
    "File Upload Attacks",
    "Cracking/PtH",
    "File Inclusion",
    "Pasted image 20250720103943.png",
    "Pasted image 20250720103825.png"
  ]
}